Link,From
Link,From
https://www.mobna.com/search/feed/rss2/,mobna.com
https://www.mobna.com/wp-content/themes/nanopress/inc/addon/aqua-page-builder-master/assets/stylesheets/aqpb-view.css?ver=1673347759,mobna.com
http://www.facebook.com/share.php?u=https://www.mobna.com/511189/%d8%af%db%8c%d9%88%d8%a7%d8%b1%d9%87%d8%a7%db%8c-%d8%a7%d9%85%d9%86-%d8%a8%d9%84%d9%88%d8%a8%d8%a7%d9%86%da%a9.html,mobna.com
http://twitter.com/home?status=https://www.mobna.com/511189/%d8%af%db%8c%d9%88%d8%a7%d8%b1%d9%87%d8%a7%db%8c-%d8%a7%d9%85%d9%86-%d8%a8%d9%84%d9%88%d8%a8%d8%a7%d9%86%da%a9.html%20-%20https://www.mobna.com/511189/%d8%af%db%8c%d9%88%d8%a7%d8%b1%d9%87%d8%a7%db%8c-%d8%a7%d9%85%d9%86-%d8%a8%d9%84%d9%88%d8%a8%d8%a7%d9%86%da%a9.html,mobna.com
https://plus.google.com/share?url=https://www.mobna.com/511189/%d8%af%db%8c%d9%88%d8%a7%d8%b1%d9%87%d8%a7%db%8c-%d8%a7%d9%85%d9%86-%d8%a8%d9%84%d9%88%d8%a8%d8%a7%d9%86%da%a9.html,mobna.com
http://pinterest.com/pin/create/button/?url=https://www.mobna.com/511189/%d8%af%db%8c%d9%88%d8%a7%d8%b1%d9%87%d8%a7%db%8c-%d8%a7%d9%85%d9%86-%d8%a8%d9%84%d9%88%d8%a8%d8%a7%d9%86%da%a9.html&media=https://statics.mobna.com/2023/01/blubank-App-security-solutions-1.jpg,mobna.com
http://www.linkedin.com/shareArticle?mini=true&url=https://www.mobna.com/511189/%d8%af%db%8c%d9%88%d8%a7%d8%b1%d9%87%d8%a7%db%8c-%d8%a7%d9%85%d9%86-%d8%a8%d9%84%d9%88%d8%a8%d8%a7%d9%86%da%a9.html&title=https://www.mobna.com/511189/%d8%af%db%8c%d9%88%d8%a7%d8%b1%d9%87%d8%a7%db%8c-%d8%a7%d9%85%d9%86-%d8%a8%d9%84%d9%88%d8%a8%d8%a7%d9%86%da%a9.html,mobna.com
http://www.tumblr.com/share/link?url=https://www.mobna.com/511189/%d8%af%db%8c%d9%88%d8%a7%d8%b1%d9%87%d8%a7%db%8c-%d8%a7%d9%85%d9%86-%d8%a8%d9%84%d9%88%d8%a8%d8%a7%d9%86%da%a9.html&name=https://www.mobna.com/511189/%d8%af%db%8c%d9%88%d8%a7%d8%b1%d9%87%d8%a7%db%8c-%d8%a7%d9%85%d9%86-%d8%a8%d9%84%d9%88%d8%a8%d8%a7%d9%86%da%a9.html,mobna.com
