Name,Link,Rate
پیوندها,https://www.asriran.com/fa/links,0
عصر ایران,http://www.asriran.com,0
جستجو,https://www.asriran.com/fa/search?query=,0
صفحه درخواستی شما موجود نمی باشد,https://www.asriran.com/fa/ads/redirect,0
عصر ایران,http://www.asriran.com/#asriran2,0
سواد زندگی,http://www.savadezendegi.com/,0
موبنا | اخبار فناوری، معماری، گجت های فناورانه و خودرو,http://www.mobna.com/,0
موبنا | اخبار فناوری، معماری، گجت های فناورانه و خودرو,https://www.mobna.com,0
موبنا | اخبار فناوری، معماری، گجت های فناورانه و خودرو,https://www.mobna.com/#organization,0
موبنا | اخبار فناوری، معماری، گجت های فناورانه و خودرو,https://www.mobna.com/#logo,0
صفحه پیدا نشد | موبنا,https://www.mobna.com/wp-content/uploads/2022/05/logo.png,0
موبنا | اخبار فناوری، معماری، گجت های فناورانه و خودرو,https://www.mobna.com/#website,0
شما برای جستجو کردید | موبنا,https://www.mobna.com/?s=,0
Sign in - Google Accounts,https://plus.google.com/share?url=https://www.mobna.com/511189/%d8%af%db%8c%d9%88%d8%a7%d8%b1%d9%87%d8%a7%db%8c-%d8%a7%d9%85%d9%86-%d8%a8%d9%84%d9%88%d8%a8%d8%a7%d9%86%da%a9.html,0
Sign in - Google Accounts,https://plus.google.com/share?url%3Dhttps://www.mobna.com/511189/%25D8%25AF%25DB%258C%25D9%2588%25D8%25A7%25D8%25B1%25D9%2587%25D8%25A7%25DB%258C-%25D8%25A7%25D9%2585%25D9%2586-%25D8%25A8%25D9%2584%25D9%2588%25D8%25A8%25D8%25A7%25D9%2586%25DA%25A9.html&amp;dsh=S1611239789:1673347857193624&amp;flowEntry=ServiceLogin&amp;followup=https://plus.google.com/share?url%3Dhttps://www.mobna.com/511189/%25D8%25AF%25DB%258C%25D9%2588%25D8%25A7%25D8%25B1%25D9%2587%25D8%25A7%25DB%258C-%25D8%25A7%25D9%2585%25D9%2586-%25D8%25A8%25D9%2584%25D9%2588%25D8%25A8%25D8%25A7%25D9%2586%25DA%25A9.html&amp;ifkv=AeAAQh4Y5B3RRfqhZEtFT1xcLXkgPNKmCwZg2Cx5gpG8kremv89hvKerLrex3CoIQTIJSVfKGFGo&amp;nojavascript=1&amp;osid=1,0
Sign in - Google Accounts,https://plus.google.com/share?url%253Dhttps://www.mobna.com/511189/%2525D8%2525AF%2525DB%25258C%2525D9%252588%2525D8%2525A7%2525D8%2525B1%2525D9%252587%2525D8%2525A7%2525DB%25258C-%2525D8%2525A7%2525D9%252585%2525D9%252586-%2525D8%2525A8%2525D9%252584%2525D9%252588%2525D8%2525A8%2525D8%2525A7%2525D9%252586%2525DA%2525A9.html%26amp%3Bdsh%3DS1611239789:1673347857193624%26amp%3BflowEntry%3DServiceLogin%26amp%3Bfollowup%3Dhttps://plus.google.com/share?url%253Dhttps://www.mobna.com/511189/%2525D8%2525AF%2525DB%25258C%2525D9%252588%2525D8%2525A7%2525D8%2525B1%2525D9%252587%2525D8%2525A7%2525DB%25258C-%2525D8%2525A7%2525D9%252585%2525D9%252586-%2525D8%2525A8%2525D9%252584%2525D9%252588%2525D8%2525A8%2525D8%2525A7%2525D9%252586%2525DA%2525A9.html%26amp%3Bifkv%3DAeAAQh4Y5B3RRfqhZEtFT1xcLXkgPNKmCwZg2Cx5gpG8kremv89hvKerLrex3CoIQTIJSVfKGFGo%26amp%3Bnojavascript%3D1%26amp%3Bosid%3D1&amp;dsh=S890011950:1673347859600549&amp;flowEntry=ServiceLogin&amp;followup=https://plus.google.com/share?url%253Dhttps://www.mobna.com/511189/%2525D8%2525AF%2525DB%25258C%2525D9%252588%2525D8%2525A7%2525D8%2525B1%2525D9%252587%2525D8%2525A7%2525DB%25258C-%2525D8%2525A7%2525D9%252585%2525D9%252586-%2525D8%2525A8%2525D9%252584%2525D9%252588%2525D8%2525A8%2525D8%2525A7%2525D9%252586%2525DA%2525A9.html%26amp%3Bdsh%3DS1611239789:1673347857193624%26amp%3BflowEntry%3DServiceLogin%26amp%3Bfollowup%3Dhttps://plus.google.com/share?url%253Dhttps://www.mobna.com/511189/%2525D8%2525AF%2525DB%25258C%2525D9%252588%2525D8%2525A7%2525D8%2525B1%2525D9%252587%2525D8%2525A7%2525DB%25258C-%2525D8%2525A7%2525D9%252585%2525D9%252586-%2525D8%2525A8%2525D9%252584%2525D9%252588%2525D8%2525A8%2525D8%2525A7%2525D9%252586%2525DA%2525A9.html%26amp%3Bifkv%3DAeAAQh4Y5B3RRfqhZEtFT1xcLXkgPNKmCwZg2Cx5gpG8kremv89hvKerLrex3CoIQTIJSVfKGFGo%26amp%3Bnojavascript%3D1%26amp%3Bosid%3D1&amp;ifkv=AeAAQh7gWrNox4QypCXUVW58PtMq4RFaQH8azxUajS75-Y7dM0WacijaTHea-2vdaasrKeOY09MTzw&amp;nojavascript=1&amp;osid=1,0
Sign in - Google Accounts,https://plus.google.com/share?url%253Dhttps://www.mobna.com/511189/%2525D8%2525AF%2525DB%25258C%2525D9%252588%2525D8%2525A7%2525D8%2525B1%2525D9%252587%2525D8%2525A7%2525DB%25258C-%2525D8%2525A7%2525D9%252585%2525D9%252586-%2525D8%2525A8%2525D9%252584%2525D9%252588%2525D8%2525A8%2525D8%2525A7%2525D9%252586%2525DA%2525A9.html%26amp;dsh%3DS1611239789:1673347857193624%26amp;flowEntry%3DServiceLogin%26amp;followup%3Dhttps://plus.google.com/share?url%253Dhttps://www.mobna.com/511189/%2525D8%2525AF%2525DB%25258C%2525D9%252588%2525D8%2525A7%2525D8%2525B1%2525D9%252587%2525D8%2525A7%2525DB%25258C-%2525D8%2525A7%2525D9%252585%2525D9%252586-%2525D8%2525A8%2525D9%252584%2525D9%252588%2525D8%2525A8%2525D8%2525A7%2525D9%252586%2525DA%2525A9.html%26amp;ifkv%3DAeAAQh4Y5B3RRfqhZEtFT1xcLXkgPNKmCwZg2Cx5gpG8kremv89hvKerLrex3CoIQTIJSVfKGFGo%26amp;nojavascript%3D1%26amp;osid%3D1&amp;dsh=S890011950:1673347859600549&amp;flowEntry=ServiceLogin&amp;flowName=WebLiteSignIn&amp;followup=https://plus.google.com/share?url%253Dhttps://www.mobna.com/511189/%2525D8%2525AF%2525DB%25258C%2525D9%252588%2525D8%2525A7%2525D8%2525B1%2525D9%252587%2525D8%2525A7%2525DB%25258C-%2525D8%2525A7%2525D9%252585%2525D9%252586-%2525D8%2525A8%2525D9%252584%2525D9%252588%2525D8%2525A8%2525D8%2525A7%2525D9%252586%2525DA%2525A9.html%26amp;dsh%3DS1611239789:1673347857193624%26amp;flowEntry%3DServiceLogin%26amp;followup%3Dhttps://plus.google.com/share?url%253Dhttps://www.mobna.com/511189/%2525D8%2525AF%2525DB%25258C%2525D9%252588%2525D8%2525A7%2525D8%2525B1%2525D9%252587%2525D8%2525A7%2525DB%25258C-%2525D8%2525A7%2525D9%252585%2525D9%252586-%2525D8%2525A8%2525D9%252584%2525D9%252588%2525D8%2525A8%2525D8%2525A7%2525D9%252586%2525DA%2525A9.html%26amp;ifkv%3DAeAAQh4Y5B3RRfqhZEtFT1xcLXkgPNKmCwZg2Cx5gpG8kremv89hvKerLrex3CoIQTIJSVfKGFGo%26amp;nojavascript%3D1%26amp;osid%3D1&amp;ifkv=AeAAQh7gWrNox4QypCXUVW58PtMq4RFaQH8azxUajS75-Y7dM0WacijaTHea-2vdaasrKeOY09MTzw&amp;osid=1,0
Sign in - Google Accounts,https://plus.google.com/share?url%3Dhttps://www.mobna.com/511189/%25D8%25AF%25DB%258C%25D9%2588%25D8%25A7%25D8%25B1%25D9%2587%25D8%25A7%25DB%258C-%25D8%25A7%25D9%2585%25D9%2586-%25D8%25A8%25D9%2584%25D9%2588%25D8%25A8%25D8%25A7%25D9%2586%25DA%25A9.html&amp;dsh=S1611239789:1673347857193624&amp;flowEntry=ServiceLogin&amp;flowName=WebLiteSignIn&amp;followup=https://plus.google.com/share?url%3Dhttps://www.mobna.com/511189/%25D8%25AF%25DB%258C%25D9%2588%25D8%25A7%25D8%25B1%25D9%2587%25D8%25A7%25DB%258C-%25D8%25A7%25D9%2585%25D9%2586-%25D8%25A8%25D9%2584%25D9%2588%25D8%25A8%25D8%25A7%25D9%2586%25DA%25A9.html&amp;ifkv=AeAAQh4Y5B3RRfqhZEtFT1xcLXkgPNKmCwZg2Cx5gpG8kremv89hvKerLrex3CoIQTIJSVfKGFGo&amp;osid=1,0
Sign in - Google Accounts,https://plus.google.com/share?url%253Dhttps://www.mobna.com/511189/%2525D8%2525AF%2525DB%25258C%2525D9%252588%2525D8%2525A7%2525D8%2525B1%2525D9%252587%2525D8%2525A7%2525DB%25258C-%2525D8%2525A7%2525D9%252585%2525D9%252586-%2525D8%2525A8%2525D9%252584%2525D9%252588%2525D8%2525A8%2525D8%2525A7%2525D9%252586%2525DA%2525A9.html%26amp%3Bdsh%3DS1611239789:1673347857193624%26amp%3BflowEntry%3DServiceLogin%26amp%3BflowName%3DWebLiteSignIn%26amp%3Bfollowup%3Dhttps://plus.google.com/share?url%253Dhttps://www.mobna.com/511189/%2525D8%2525AF%2525DB%25258C%2525D9%252588%2525D8%2525A7%2525D8%2525B1%2525D9%252587%2525D8%2525A7%2525DB%25258C-%2525D8%2525A7%2525D9%252585%2525D9%252586-%2525D8%2525A8%2525D9%252584%2525D9%252588%2525D8%2525A8%2525D8%2525A7%2525D9%252586%2525DA%2525A9.html%26amp%3Bifkv%3DAeAAQh4Y5B3RRfqhZEtFT1xcLXkgPNKmCwZg2Cx5gpG8kremv89hvKerLrex3CoIQTIJSVfKGFGo%26amp%3Bosid%3D1&amp;dsh=S-1358450921:1673347866677428&amp;flowEntry=ServiceLogin&amp;followup=https://plus.google.com/share?url%253Dhttps://www.mobna.com/511189/%2525D8%2525AF%2525DB%25258C%2525D9%252588%2525D8%2525A7%2525D8%2525B1%2525D9%252587%2525D8%2525A7%2525DB%25258C-%2525D8%2525A7%2525D9%252585%2525D9%252586-%2525D8%2525A8%2525D9%252584%2525D9%252588%2525D8%2525A8%2525D8%2525A7%2525D9%252586%2525DA%2525A9.html%26amp%3Bdsh%3DS1611239789:1673347857193624%26amp%3BflowEntry%3DServiceLogin%26amp%3BflowName%3DWebLiteSignIn%26amp%3Bfollowup%3Dhttps://plus.google.com/share?url%253Dhttps://www.mobna.com/511189/%2525D8%2525AF%2525DB%25258C%2525D9%252588%2525D8%2525A7%2525D8%2525B1%2525D9%252587%2525D8%2525A7%2525DB%25258C-%2525D8%2525A7%2525D9%252585%2525D9%252586-%2525D8%2525A8%2525D9%252584%2525D9%252588%2525D8%2525A8%2525D8%2525A7%2525D9%252586%2525DA%2525A9.html%26amp%3Bifkv%3DAeAAQh4Y5B3RRfqhZEtFT1xcLXkgPNKmCwZg2Cx5gpG8kremv89hvKerLrex3CoIQTIJSVfKGFGo%26amp%3Bosid%3D1&amp;ifkv=AeAAQh4MkrMa3Av3bIz0fiAx3fEUh7yUqp2EXTflwO5I0SIa3OtLf_MYNCOC5oOdpPbtEHCksk2LvA&amp;nojavascript=1&amp;osid=1,0
Sign in - Google Accounts,https://plus.google.com/share?url%253Dhttps://www.mobna.com/511189/%2525D8%2525AF%2525DB%25258C%2525D9%252588%2525D8%2525A7%2525D8%2525B1%2525D9%252587%2525D8%2525A7%2525DB%25258C-%2525D8%2525A7%2525D9%252585%2525D9%252586-%2525D8%2525A8%2525D9%252584%2525D9%252588%2525D8%2525A8%2525D8%2525A7%2525D9%252586%2525DA%2525A9.html%26amp;dsh%3DS1611239789:1673347857193624%26amp;flowEntry%3DServiceLogin%26amp;flowName%3DWebLiteSignIn%26amp;followup%3Dhttps://plus.google.com/share?url%253Dhttps://www.mobna.com/511189/%2525D8%2525AF%2525DB%25258C%2525D9%252588%2525D8%2525A7%2525D8%2525B1%2525D9%252587%2525D8%2525A7%2525DB%25258C-%2525D8%2525A7%2525D9%252585%2525D9%252586-%2525D8%2525A8%2525D9%252584%2525D9%252588%2525D8%2525A8%2525D8%2525A7%2525D9%252586%2525DA%2525A9.html%26amp;ifkv%3DAeAAQh4Y5B3RRfqhZEtFT1xcLXkgPNKmCwZg2Cx5gpG8kremv89hvKerLrex3CoIQTIJSVfKGFGo%26amp;osid%3D1&amp;dsh=S-1358450921:1673347866677428&amp;flowEntry=ServiceLogin&amp;flowName=WebLiteSignIn&amp;followup=https://plus.google.com/share?url%253Dhttps://www.mobna.com/511189/%2525D8%2525AF%2525DB%25258C%2525D9%252588%2525D8%2525A7%2525D8%2525B1%2525D9%252587%2525D8%2525A7%2525DB%25258C-%2525D8%2525A7%2525D9%252585%2525D9%252586-%2525D8%2525A8%2525D9%252584%2525D9%252588%2525D8%2525A8%2525D8%2525A7%2525D9%252586%2525DA%2525A9.html%26amp;dsh%3DS1611239789:1673347857193624%26amp;flowEntry%3DServiceLogin%26amp;flowName%3DWebLiteSignIn%26amp;followup%3Dhttps://plus.google.com/share?url%253Dhttps://www.mobna.com/511189/%2525D8%2525AF%2525DB%25258C%2525D9%252588%2525D8%2525A7%2525D8%2525B1%2525D9%252587%2525D8%2525A7%2525DB%25258C-%2525D8%2525A7%2525D9%252585%2525D9%252586-%2525D8%2525A8%2525D9%252584%2525D9%252588%2525D8%2525A8%2525D8%2525A7%2525D9%252586%2525DA%2525A9.html%26amp;ifkv%3DAeAAQh4Y5B3RRfqhZEtFT1xcLXkgPNKmCwZg2Cx5gpG8kremv89hvKerLrex3CoIQTIJSVfKGFGo%26amp;osid%3D1&amp;ifkv=AeAAQh4MkrMa3Av3bIz0fiAx3fEUh7yUqp2EXTflwO5I0SIa3OtLf_MYNCOC5oOdpPbtEHCksk2LvA&amp;osid=1,0
Pinterest,http://pinterest.com/pin/create/button/?url=https://www.mobna.com/511189/%d8%af%db%8c%d9%88%d8%a7%d8%b1%d9%87%d8%a7%db%8c-%d8%a7%d9%85%d9%86-%d8%a8%d9%84%d9%88%d8%a8%d8%a7%d9%86%da%a9.html&media=https://statics.mobna.com/2023/01/blubank-App-security-solutions-1.jpg,0
404 Not Found,https://statics.mobna.com/2023/01/blubank-App-security-solutions-1.jpg&amp;url=https://www.mobna.com/511189/دیوارهای-امن-بلوبانک.html&amp;description=,0
404 Not Found,https://statics.mobna.com/2023/01/blubank-App-security-solutions-1.jpg&amp;source_url=https://www.mobna.com/511189/دیوارهای-امن-بلوبانک.html&amp;description=,0
Pinterest,https://www.pinterest.com/pin/create/button/,0
